chrom,chromStart,chromEnd,name,refUCSC,observed,func
chr3,179148798,179148799,rs869312615,G,A/G,"intron,near-gene-5"
chr3,179198611,179198612,rs869312617,A,A/T,intron
chr3,179199037,179199038,rs879254355,A,A/G,coding-synon
chr3,179199087,179199088,rs121913287,G,A/G,missense
chr3,179199135,179199136,rs863225060,C,C/T,missense
chr3,179199147,179199148,rs886042002,G,A/G,missense
chr3,179199159,179199160,rs863225460,T,A/T,missense
chr3,179199689,179199690,rs587777790,G,A/G,missense
chr3,179199739,179199740,rs587777791,G,A/G,missense
chr3,179201378,179201379,rs587777792,G,A/G,missense
chr3,179201431,179201432,rs879254356,C,A/C,coding-synon
chr3,179203764,179203765,rs121913284,T,A/T,missense
chr3,179204508,179204509,rs587777793,G,A/G,missense
chr3,179204575,179204576,rs397514565,G,A/G,missense
chr3,179204587,179204588,rs587777794,G,A/G,missense
chr3,179208639,179208640,rs869312614,A,A/G,intron
chr3,179210185,179210186,rs397517199,G,A/G,missense
chr3,179210191,179210192,rs121913272,T,C/T,missense
chr3,179210195,179210195,rs1057518041,-,-/GTC,cds-indel
chr3,179210290,179210293,rs587776933,GAA,-/GAA,cds-indel
chr3,179210292,179210307,rs397517200,AGATTTGCTGAACCC,-/AGATTTGCTGAACCC,cds-indel
chr3,179218153,179218154,rs104886002,C,C/T,intron
chr3,179218240,179218241,rs104885999,G,A/G,missense
chr3,179218285,179218286,rs121913285,C,C/G,missense
chr3,179218293,179218294,rs121913273,G,A/G,missense
chr3,179218302,179218303,rs104886003,G,A/G,missense
chr3,179218303,179218304,rs121913274,A,A/C/G,missense
chr3,179218304,179218305,rs121913275,G,G/T,missense
chr3,179218305,179218306,rs121913286,C,A/C/G,missense
chr3,179218306,179218307,rs397517201,A,A/G,missense
chr3,179218327,179218329,rs587777795,GT,C/GT,frameshift
chr3,179218333,179218334,rs104886000,G,A/G,missense
chr3,179218351,179218352,rs104886001,G,A/G,intron
chr3,179219592,179219593,rs104886021,G,A/G,nonsense
chr3,179219660,179219661,rs3908108,G,A/G,missense
chr3,179219695,179219696,rs104886022,A,A/T,coding-synon
chr3,179219699,179219700,rs3908109,G,A/G,missense
chr3,179219718,179219719,rs587777796,T,G/T,nonsense
chr3,179220982,179220983,rs879254354,T,C/T,intron
chr3,179221071,179221072,rs121913282,A,A/C,missense
chr3,179229757,179229758,rs869312616,T,C/T,intron
chr3,179229855,179229856,rs869312613,A,A/G,intron
chr3,179230076,179230077,rs587776932,G,A/G,missense
chr3,179234218,179234219,rs121913288,A,A/G,missense
chr3,179234229,179234230,rs397517202,A,A/G,missense
chr3,179234285,179234286,rs121913283,G,A/G/T,missense
chr3,179234295,179234296,rs121913281,C,C/T,missense
chr3,179234296,179234297,rs121913279,A,A/G/T,missense
chr3,179234301,179234302,rs121913277,G,A/C/G,missense
chr3,179234326,179234327,rs267599698,G,A/G,nonsense
chr3,179234360,179234360,rs587776802,-,-/A,frameshift
